,Metric,ANOVA_F,ANOVA_P,Regime_A_Mean,Regime_B_Mean,Regime_C_Mean,Regime_D_Mean,Regime_A_N,Regime_B_N,Regime_C_N,Regime_D_N,T_Test_A_vs_D_P,Cohens_D_A_vs_D
0,ES_5D_Fwd_Return,15.243768036659246,7.296406570348848e-10,0.0021363138306582157,0.001611607464812274,0.01035556734773697,0.031060749991494423,2397,1462,267,6,0.06648255138132923,-1.5778951269440127
1,ES_20D_Fwd_Return,61.12314691476802,1.176159927068087e-38,0.00843984143071631,0.006992488161481035,0.04196681530755402,0.0623157849599395,2382,1462,267,6,0.05516766644849453,-1.5521155637534527
2,ES_60D_Fwd_Return,135.08624787618962,1.9642735141083025e-83,0.02303665549206189,0.027138710753067504,0.10102577134390225,0.13894052161491496,2357,1449,265,6,0.0019561323889771528,-1.9197536736895862
3,ES_Realized_Vol_20D,420.64464780336607,2.5108201568171622e-238,0.12458772763045778,0.1579168085721443,0.3075161576234375,0.24685619000359907,2387,1457,267,6,0.00799234601939644,-2.2050878583477225
4,ES_Fwd_Max_DD_60D,15.531149151531901,4.814384445974331e-10,-0.04101758548400063,-0.0518201475002261,-0.03595635299495869,-0.027000235249183935,2357,1449,265,6,0.20841957415611925,-0.2775429200901461
5,ES_Fwd_Sharpe_60D,32.261756949644216,1.3286393377702635e-20,1.2429335398780634,0.9589199521731017,2.029950229543361,3.3121412735046007,2357,1449,265,6,0.015375725804407412,-1.1255777212030411
