,Metric,Regime,Mean,CI_5,CI_95
0,ES_20D_Fwd_Return,A,0.008713865572585616,0.005190488977338907,0.012436358418092328
1,ES_20D_Fwd_Return,B,0.006309154302817396,-0.00032643802473832507,0.01227844863376938
2,ES_20D_Fwd_Return,C,0.041340991624734806,0.027302932712076535,0.0546371083011507
3,ES_60D_Fwd_Return,A,0.02298430918777248,0.01446033691448938,0.030759656291589978
4,ES_60D_Fwd_Return,B,0.025699573969928224,0.016088233396018992,0.03459841888405931
5,ES_60D_Fwd_Return,C,0.10239124853903107,0.08511984048178435,0.12063427991917602
6,ES_Fwd_Max_DD_60D,A,-0.04077933536973249,-0.048123031444770224,-0.034559368911726875
7,ES_Fwd_Max_DD_60D,B,-0.051959893069824035,-0.062128779578174774,-0.042887448376984244
8,ES_Fwd_Max_DD_60D,C,-0.03620166940948535,-0.053170595589642364,-0.023338348560339246
