,Horizon,Regime,Mean,N
0,20,A,0.008483008990851798,121
1,20,B,0.006312640174532026,69
2,20,C,0.03619869121626044,17
3,20,D,,0
4,60,A,0.01674220948709916,36
5,60,B,0.030874857072226505,27
6,60,C,0.08534349446913227,6
7,60,D,,0
