,Period,Regime,Return,N
0,2010-2014,A,0.009125770074656663,1043
1,2010-2014,B,0.005166070759142131,158
2,2010-2014,C,0.0436630707645773,57
3,2015-2019,A,0.008653142435795078,733
4,2015-2019,B,0.004873785803803526,474
5,2015-2019,C,0.0300348347868237,45
6,2020-2026,A,0.00700127177336884,626
7,2020-2026,B,0.008550125350768586,830
8,2020-2026,C,0.04463501265532693,165
